{"cameraMode":{"drawMode":0,"name":"Shaded","section":"Shading Mode"},"sceneLighting":true,"audioPlay":false,"sceneViewState":{"showFog":true,"showMaterialUpdate":false,"showSkybox":true,"showFlares":true,"showImageEffects":true,"showParticleSystems":true},"in2DMode":false,"pivot":{"x":13.095459938049317,"y":33.886417388916019,"z":32.88323974609375},"rotation":{"x":-0.1439007818698883,"y":-0.08154290169477463,"z":0.011898798868060112,"w":-0.9861550331115723},"size":82.3493423461914,"orthographic":false}